PaginaWeb,Ciudad,Operaci√≥n,ProductoPaginaWeb,URL
Lam,Gdl,Ven,Cas,https://www.lamudi.com.mx/jalisco/guadalajara/casa/for-sale/
Lam,Gdl,Ren,Cas,https://www.lamudi.com.mx/jalisco/guadalajara/casa/for-rent/
Lam,Gdl,Ven,Cons,https://www.lamudi.com.mx/jalisco/guadalajara/offices/medico-consulting/for-sale/
Lam,Gdl,Ren,Cons,https://www.lamudi.com.mx/jalisco/guadalajara/offices/medico-consulting/for-rent/
Lam,Gdl,Ven,Dep,https://www.lamudi.com.mx/jalisco/guadalajara/departamento/for-sale/
Lam,Gdl,Ren,Dep,https://www.lamudi.com.mx/jalisco/guadalajara/departamento/for-rent/
Lam,Gdl,Ven,Edf,https://www.lamudi.com.mx/jalisco/guadalajara/offices/edificio/for-sale/
Lam,Gdl,Ren,Edf,https://www.lamudi.com.mx/jalisco/guadalajara/offices/edificio/for-rent/
Lam,Gdl,Ven,LocCP,https://www.lamudi.com.mx/jalisco/guadalajara/comercial/comercial-agricultura/for-sale/
Lam,Gdl,Ren,LocCP,https://www.lamudi.com.mx/jalisco/guadalajara/comercial/comercial-agricultura/for-rent/
Lam,Gdl,Ven,LocR,https://www.lamudi.com.mx/jalisco/guadalajara/comercial/venta-al-por-menor/for-sale/
Lam,Gdl,Ren,LocR,https://www.lamudi.com.mx/jalisco/guadalajara/comercial/venta-al-por-menor/for-rent/
Lam,Gdl,Ven,NavB,https://www.lamudi.com.mx/jalisco/guadalajara/comercial/industria-almacen/for-sale/
Lam,Gdl,Ren,NavB,https://www.lamudi.com.mx/jalisco/guadalajara/comercial/industria-almacen/for-rent/
Lam,Gdl,Ven,Ofc,https://www.lamudi.com.mx/jalisco/guadalajara/offices/for-sale/
Lam,Gdl,Ren,Ofc,https://www.lamudi.com.mx/jalisco/guadalajara/offices/for-rent/
Lam,Gdl,Ven,Terr,https://www.lamudi.com.mx/jalisco/guadalajara/terreno/for-sale/
Lam,Gdl,Ren,Terr,https://www.lamudi.com.mx/jalisco/guadalajara/terreno/for-rent/
Lam,Salt,Ven,Cas,https://www.lamudi.com.mx/jalisco/el-salto/casa/for-sale/
Lam,Salt,Ren,Cas,https://www.lamudi.com.mx/jalisco/el-salto/casa/for-rent/
Lam,Salt,Ven,Cons,https://www.lamudi.com.mx/jalisco/el-salto/offices/medico-consulting/for-sale/
Lam,Salt,Ren,Cons,https://www.lamudi.com.mx/jalisco/el-salto/offices/medico-consulting/for-rent/
Lam,Salt,Ven,Dep,https://www.lamudi.com.mx/jalisco/el-salto/departamento/for-sale/
Lam,Salt,Ren,Dep,https://www.lamudi.com.mx/jalisco/el-salto/departamento/for-rent/
Lam,Salt,Ven,Edf,https://www.lamudi.com.mx/jalisco/el-salto/offices/edificio/for-sale/
Lam,Salt,Ren,Edf,https://www.lamudi.com.mx/jalisco/el-salto/offices/edificio/for-rent/
Lam,Salt,Ven,LocCP,https://www.lamudi.com.mx/jalisco/el-salto/comercial/comercial-agricultura/for-sale/
Lam,Salt,Ren,LocCP,https://www.lamudi.com.mx/jalisco/el-salto/comercial/comercial-agricultura/for-rent/
Lam,Salt,Ven,LocR,https://www.lamudi.com.mx/jalisco/el-salto/comercial/venta-al-por-menor/for-sale/
Lam,Salt,Ren,LocR,https://www.lamudi.com.mx/jalisco/el-salto/comercial/venta-al-por-menor/for-rent/
Lam,Salt,Ven,NavB,https://www.lamudi.com.mx/jalisco/el-salto/comercial/industria-almacen/for-sale/
Lam,Salt,Ren,NavB,https://www.lamudi.com.mx/jalisco/el-salto/comercial/industria-almacen/for-rent/
Lam,Salt,Ven,Ofc,https://www.lamudi.com.mx/jalisco/el-salto/offices/for-sale/
Lam,Salt,Ren,Ofc,https://www.lamudi.com.mx/jalisco/el-salto/offices/for-rent/
Lam,Salt,Ven,Terr,https://www.lamudi.com.mx/jalisco/el-salto/terreno/for-sale/
Lam,Salt,Ren,Terr,https://www.lamudi.com.mx/jalisco/el-salto/terreno/for-rent/
Lam,IMem,Ven,Cas,https://www.lamudi.com.mx/jalisco/ixtlahuacan-de-los-membrillos/casa/for-sale/
Lam,IMem,Ren,Cas,https://www.lamudi.com.mx/jalisco/ixtlahuacan-de-los-membrillos/casa/for-rent/
Lam,IMem,Ven,Cons,https://www.lamudi.com.mx/jalisco/ixtlahuacan-de-los-membrillos/offices/medico-consulting/for-sale/
Lam,IMem,Ren,Cons,https://www.lamudi.com.mx/jalisco/ixtlahuacan-de-los-membrillos/offices/medico-consulting/for-rent/
Lam,IMem,Ven,Dep,https://www.lamudi.com.mx/jalisco/ixtlahuacan-de-los-membrillos/departamento/for-sale/
Lam,IMem,Ren,Dep,https://www.lamudi.com.mx/jalisco/ixtlahuacan-de-los-membrillos/departamento/for-rent/
Lam,IMem,Ven,Edf,https://www.lamudi.com.mx/jalisco/ixtlahuacan-de-los-membrillos/offices/edificio/for-sale/
Lam,IMem,Ren,Edf,https://www.lamudi.com.mx/jalisco/ixtlahuacan-de-los-membrillos/offices/edificio/for-rent/
Lam,IMem,Ven,LocCP,https://www.lamudi.com.mx/jalisco/ixtlahuacan-de-los-membrillos/comercial/comercial-agricultura/for-sale/
Lam,IMem,Ren,LocCP,https://www.lamudi.com.mx/jalisco/ixtlahuacan-de-los-membrillos/comercial/comercial-agricultura/for-rent/
Lam,IMem,Ven,LocR,https://www.lamudi.com.mx/jalisco/ixtlahuacan-de-los-membrillos/comercial/venta-al-por-menor/for-sale/
Lam,IMem,Ren,LocR,https://www.lamudi.com.mx/jalisco/ixtlahuacan-de-los-membrillos/comercial/venta-al-por-menor/for-rent/
Lam,IMem,Ven,NavB,https://www.lamudi.com.mx/jalisco/ixtlahuacan-de-los-membrillos/comercial/industria-almacen/for-sale/
Lam,IMem,Ren,NavB,https://www.lamudi.com.mx/jalisco/ixtlahuacan-de-los-membrillos/comercial/industria-almacen/for-rent/
Lam,IMem,Ven,Ofc,https://www.lamudi.com.mx/jalisco/ixtlahuacan-de-los-membrillos/offices/for-sale/
Lam,IMem,Ren,Ofc,https://www.lamudi.com.mx/jalisco/ixtlahuacan-de-los-membrillos/offices/for-rent/
Lam,IMem,Ven,Terr,https://www.lamudi.com.mx/jalisco/ixtlahuacan-de-los-membrillos/terreno/for-sale/
Lam,IMem,Ren,Terr,https://www.lamudi.com.mx/jalisco/ixtlahuacan-de-los-membrillos/terreno/for-rent/
Lam,Jnctl,Ven,Cas,https://www.lamudi.com.mx/jalisco/juanacatlan/casa/for-sale/
Lam,Jnctl,Ren,Cas,https://www.lamudi.com.mx/jalisco/juanacatlan/casa/for-rent/
Lam,Jnctl,Ven,Cons,https://www.lamudi.com.mx/jalisco/juanacatlan/offices/medico-consulting/for-sale/
Lam,Jnctl,Ren,Cons,https://www.lamudi.com.mx/jalisco/juanacatlan/offices/medico-consulting/for-rent/
Lam,Jnctl,Ven,Dep,https://www.lamudi.com.mx/jalisco/juanacatlan/departamento/for-sale/
Lam,Jnctl,Ren,Dep,https://www.lamudi.com.mx/jalisco/juanacatlan/departamento/for-rent/
Lam,Jnctl,Ven,Edf,https://www.lamudi.com.mx/jalisco/juanacatlan/offices/edificio/for-sale/
Lam,Jnctl,Ren,Edf,https://www.lamudi.com.mx/jalisco/juanacatlan/offices/edificio/for-rent/
Lam,Jnctl,Ven,LocCP,https://www.lamudi.com.mx/jalisco/juanacatlan/comercial/comercial-agricultura/for-sale/
Lam,Jnctl,Ren,LocCP,https://www.lamudi.com.mx/jalisco/juanacatlan/comercial/comercial-agricultura/for-rent/
Lam,Jnctl,Ven,LocR,https://www.lamudi.com.mx/jalisco/juanacatlan/comercial/venta-al-por-menor/for-sale/
Lam,Jnctl,Ren,LocR,https://www.lamudi.com.mx/jalisco/juanacatlan/comercial/venta-al-por-menor/for-rent/
Lam,Jnctl,Ven,NavB,https://www.lamudi.com.mx/jalisco/juanacatlan/comercial/industria-almacen/for-sale/
Lam,Jnctl,Ren,NavB,https://www.lamudi.com.mx/jalisco/juanacatlan/comercial/industria-almacen/for-rent/
Lam,Jnctl,Ven,Ofc,https://www.lamudi.com.mx/jalisco/juanacatlan/offices/for-sale/
Lam,Jnctl,Ren,Ofc,https://www.lamudi.com.mx/jalisco/juanacatlan/offices/for-rent/
Lam,Jnctl,Ven,Terr,https://www.lamudi.com.mx/jalisco/juanacatlan/terreno/for-sale/
Lam,Jnctl,Ren,Terr,https://www.lamudi.com.mx/jalisco/juanacatlan/terreno/for-rent/
Lam,Tlaq,Ven,Cas,https://www.lamudi.com.mx/jalisco/tlaquepaque/casa/for-sale/
Lam,Tlaq,Ren,Cas,https://www.lamudi.com.mx/jalisco/tlaquepaque/casa/for-rent/
Lam,Tlaq,Ven,Cons,https://www.lamudi.com.mx/jalisco/tlaquepaque/offices/medico-consulting/for-sale/
Lam,Tlaq,Ren,Cons,https://www.lamudi.com.mx/jalisco/tlaquepaque/offices/medico-consulting/for-rent/
Lam,Tlaq,Ven,Dep,https://www.lamudi.com.mx/jalisco/tlaquepaque/departamento/for-sale/
Lam,Tlaq,Ren,Dep,https://www.lamudi.com.mx/jalisco/tlaquepaque/departamento/for-rent/
Lam,Tlaq,Ven,Edf,https://www.lamudi.com.mx/jalisco/tlaquepaque/offices/edificio/for-sale/
Lam,Tlaq,Ren,Edf,https://www.lamudi.com.mx/jalisco/tlaquepaque/offices/edificio/for-rent/
Lam,Tlaq,Ven,LocCP,https://www.lamudi.com.mx/jalisco/tlaquepaque/comercial/comercial-agricultura/for-sale/
Lam,Tlaq,Ren,LocCP,https://www.lamudi.com.mx/jalisco/tlaquepaque/comercial/comercial-agricultura/for-rent/
Lam,Tlaq,Ven,LocR,https://www.lamudi.com.mx/jalisco/tlaquepaque/comercial/venta-al-por-menor/for-sale/
Lam,Tlaq,Ren,LocR,https://www.lamudi.com.mx/jalisco/tlaquepaque/comercial/venta-al-por-menor/for-rent/
Lam,Tlaq,Ven,NavB,https://www.lamudi.com.mx/jalisco/tlaquepaque/comercial/industria-almacen/for-sale/
Lam,Tlaq,Ren,NavB,https://www.lamudi.com.mx/jalisco/tlaquepaque/comercial/industria-almacen/for-rent/
Lam,Tlaq,Ven,Ofc,https://www.lamudi.com.mx/jalisco/tlaquepaque/offices/for-sale/
Lam,Tlaq,Ren,Ofc,https://www.lamudi.com.mx/jalisco/tlaquepaque/offices/for-rent/
Lam,Tlaq,Ven,Terr,https://www.lamudi.com.mx/jalisco/tlaquepaque/terreno/for-sale/
Lam,Tlaq,Ren,Terr,https://www.lamudi.com.mx/jalisco/tlaquepaque/terreno/for-rent/
Lam,Tlaj,Ven,Cas,https://www.lamudi.com.mx/jalisco/tlajomulco-de-zuniga/casa/for-sale/
Lam,Tlaj,Ren,Cas,https://www.lamudi.com.mx/jalisco/tlajomulco-de-zuniga/casa/for-rent/
Lam,Tlaj,Ven,Cons,https://www.lamudi.com.mx/jalisco/tlajomulco-de-zuniga/offices/medico-consulting/for-sale/
Lam,Tlaj,Ren,Cons,https://www.lamudi.com.mx/jalisco/tlajomulco-de-zuniga/offices/medico-consulting/for-rent/
Lam,Tlaj,Ven,Dep,https://www.lamudi.com.mx/jalisco/tlajomulco-de-zuniga/departamento/for-sale/
Lam,Tlaj,Ren,Dep,https://www.lamudi.com.mx/jalisco/tlajomulco-de-zuniga/departamento/for-rent/
Lam,Tlaj,Ven,Edf,https://www.lamudi.com.mx/jalisco/tlajomulco-de-zuniga/offices/edificio/for-sale/
Lam,Tlaj,Ren,Edf,https://www.lamudi.com.mx/jalisco/tlajomulco-de-zuniga/offices/edificio/for-rent/
Lam,Tlaj,Ven,LocCP,https://www.lamudi.com.mx/jalisco/tlajomulco-de-zuniga/comercial/comercial-agricultura/for-sale/
Lam,Tlaj,Ren,LocCP,https://www.lamudi.com.mx/jalisco/tlajomulco-de-zuniga/comercial/comercial-agricultura/for-rent/
Lam,Tlaj,Ven,LocR,https://www.lamudi.com.mx/jalisco/tlajomulco-de-zuniga/comercial/venta-al-por-menor/for-sale/
Lam,Tlaj,Ren,LocR,https://www.lamudi.com.mx/jalisco/tlajomulco-de-zuniga/comercial/venta-al-por-menor/for-rent/
Lam,Tlaj,Ven,NavB,https://www.lamudi.com.mx/jalisco/tlajomulco-de-zuniga/comercial/industria-almacen/for-sale/
Lam,Tlaj,Ren,NavB,https://www.lamudi.com.mx/jalisco/tlajomulco-de-zuniga/comercial/industria-almacen/for-rent/
Lam,Tlaj,Ven,Ofc,https://www.lamudi.com.mx/jalisco/tlajomulco-de-zuniga/offices/for-sale/
Lam,Tlaj,Ren,Ofc,https://www.lamudi.com.mx/jalisco/tlajomulco-de-zuniga/offices/for-rent/
Lam,Tlaj,Ven,Terr,https://www.lamudi.com.mx/jalisco/tlajomulco-de-zuniga/terreno/for-sale/
Lam,Tlaj,Ren,Terr,https://www.lamudi.com.mx/jalisco/tlajomulco-de-zuniga/terreno/for-rent/
Lam,Ton,Ven,Cas,https://www.lamudi.com.mx/jalisco/tonala-1/casa/for-sale/
Lam,Ton,Ren,Cas,https://www.lamudi.com.mx/jalisco/tonala-1/casa/for-rent/
Lam,Ton,Ven,Cons,https://www.lamudi.com.mx/jalisco/tonala-1/offices/medico-consulting/for-sale/
Lam,Ton,Ren,Cons,https://www.lamudi.com.mx/jalisco/tonala-1/offices/medico-consulting/for-rent/
Lam,Ton,Ven,Dep,https://www.lamudi.com.mx/jalisco/tonala-1/departamento/for-sale/
Lam,Ton,Ren,Dep,https://www.lamudi.com.mx/jalisco/tonala-1/departamento/for-rent/
Lam,Ton,Ven,Edf,https://www.lamudi.com.mx/jalisco/tonala-1/offices/edificio/for-sale/
Lam,Ton,Ren,Edf,https://www.lamudi.com.mx/jalisco/tonala-1/offices/edificio/for-rent/
Lam,Ton,Ven,LocCP,https://www.lamudi.com.mx/jalisco/tonala-1/comercial/comercial-agricultura/for-sale/
Lam,Ton,Ren,LocCP,https://www.lamudi.com.mx/jalisco/tonala-1/comercial/comercial-agricultura/for-rent/
Lam,Ton,Ven,LocR,https://www.lamudi.com.mx/jalisco/tonala-1/comercial/venta-al-por-menor/for-sale/
Lam,Ton,Ren,LocR,https://www.lamudi.com.mx/jalisco/tonala-1/comercial/venta-al-por-menor/for-rent/
Lam,Ton,Ven,NavB,https://www.lamudi.com.mx/jalisco/tonala-1/comercial/industria-almacen/for-sale/
Lam,Ton,Ren,NavB,https://www.lamudi.com.mx/jalisco/tonala-1/comercial/industria-almacen/for-rent/
Lam,Ton,Ven,Ofc,https://www.lamudi.com.mx/jalisco/tonala-1/offices/for-sale/
Lam,Ton,Ren,Ofc,https://www.lamudi.com.mx/jalisco/tonala-1/offices/for-rent/
Lam,Ton,Ven,Terr,https://www.lamudi.com.mx/jalisco/tonala-1/terreno/for-sale/
Lam,Ton,Ren,Terr,https://www.lamudi.com.mx/jalisco/tonala-1/terreno/for-rent/
Lam,Zap,Ven,Cas,https://www.lamudi.com.mx/jalisco/zapopan/casa/for-sale/
Lam,Zap,Ren,Cas,https://www.lamudi.com.mx/jalisco/zapopan/casa/for-rent/
Lam,Zap,Ven,Cons,https://www.lamudi.com.mx/jalisco/zapopan/offices/medico-consulting/for-sale/
Lam,Zap,Ren,Cons,https://www.lamudi.com.mx/jalisco/zapopan/offices/medico-consulting/for-rent/
Lam,Zap,Ven,Dep,https://www.lamudi.com.mx/jalisco/zapopan/departamento/for-sale/
Lam,Zap,Ren,Dep,https://www.lamudi.com.mx/jalisco/zapopan/departamento/for-rent/
Lam,Zap,Ven,Edf,https://www.lamudi.com.mx/jalisco/zapopan/offices/edificio/for-sale/
Lam,Zap,Ren,Edf,https://www.lamudi.com.mx/jalisco/zapopan/offices/edificio/for-rent/
Lam,Zap,Ven,LocCP,https://www.lamudi.com.mx/jalisco/zapopan/comercial/comercial-agricultura/for-sale/
Lam,Zap,Ren,LocCP,https://www.lamudi.com.mx/jalisco/zapopan/comercial/comercial-agricultura/for-rent/
Lam,Zap,Ven,LocR,https://www.lamudi.com.mx/jalisco/zapopan/comercial/venta-al-por-menor/for-sale/
Lam,Zap,Ren,LocR,https://www.lamudi.com.mx/jalisco/zapopan/comercial/venta-al-por-menor/for-rent/
Lam,Zap,Ven,NavB,https://www.lamudi.com.mx/jalisco/zapopan/comercial/industria-almacen/for-sale/
Lam,Zap,Ren,NavB,https://www.lamudi.com.mx/jalisco/zapopan/comercial/industria-almacen/for-rent/
Lam,Zap,Ven,Ofc,https://www.lamudi.com.mx/jalisco/zapopan/offices/for-sale/
Lam,Zap,Ren,Ofc,https://www.lamudi.com.mx/jalisco/zapopan/offices/for-rent/
Lam,Zap,Ven,Terr,https://www.lamudi.com.mx/jalisco/zapopan/terreno/for-sale/
Lam,Zap,Ren,Terr,https://www.lamudi.com.mx/jalisco/zapopan/terreno/for-rent/
Lam,Zptl,Ven,Cas,https://www.lamudi.com.mx/jalisco/zapotlanejo/casa/for-sale/
Lam,Zptl,Ren,Cas,https://www.lamudi.com.mx/jalisco/zapotlanejo/casa/for-rent/
Lam,Zptl,Ven,Cons,https://www.lamudi.com.mx/jalisco/zapotlanejo/offices/medico-consulting/for-sale/
Lam,Zptl,Ren,Cons,https://www.lamudi.com.mx/jalisco/zapotlanejo/offices/medico-consulting/for-rent/
Lam,Zptl,Ven,Dep,https://www.lamudi.com.mx/jalisco/zapotlanejo/departamento/for-sale/
Lam,Zptl,Ren,Dep,https://www.lamudi.com.mx/jalisco/zapotlanejo/departamento/for-rent/
Lam,Zptl,Ven,Edf,https://www.lamudi.com.mx/jalisco/zapotlanejo/offices/edificio/for-sale/
Lam,Zptl,Ren,Edf,https://www.lamudi.com.mx/jalisco/zapotlanejo/offices/edificio/for-rent/
Lam,Zptl,Ven,LocCP,https://www.lamudi.com.mx/jalisco/zapotlanejo/comercial/comercial-agricultura/for-sale/
Lam,Zptl,Ren,LocCP,https://www.lamudi.com.mx/jalisco/zapotlanejo/comercial/comercial-agricultura/for-rent/
Lam,Zptl,Ven,LocR,https://www.lamudi.com.mx/jalisco/zapotlanejo/comercial/venta-al-por-menor/for-sale/
Lam,Zptl,Ren,LocR,https://www.lamudi.com.mx/jalisco/zapotlanejo/comercial/venta-al-por-menor/for-rent/
Lam,Zptl,Ven,NavB,https://www.lamudi.com.mx/jalisco/zapotlanejo/comercial/industria-almacen/for-sale/
Lam,Zptl,Ren,NavB,https://www.lamudi.com.mx/jalisco/zapotlanejo/comercial/industria-almacen/for-rent/
Lam,Zptl,Ven,Ofc,https://www.lamudi.com.mx/jalisco/zapotlanejo/offices/for-sale/
Lam,Zptl,Ren,Ofc,https://www.lamudi.com.mx/jalisco/zapotlanejo/offices/for-rent/
Lam,Zptl,Ven,Terr,https://www.lamudi.com.mx/jalisco/zapotlanejo/terreno/for-sale/
Lam,Zptl,Ren,Terr,https://www.lamudi.com.mx/jalisco/zapotlanejo/terreno/for-rent/
